{"cameraMode":{"drawMode":0,"name":"Shaded","section":"Shading Mode"},"sceneLighting":true,"audioPlay":false,"sceneViewState":{"m_AlwaysRefresh":false,"showFog":true,"showSkybox":true,"showFlares":true,"showImageEffects":true,"showParticleSystems":true,"showVisualEffectGraphs":true,"m_FxEnabled":true},"in2DMode":false,"pivot":{"x":-459.43328857421877,"y":2.1069531440734865,"z":125.80182647705078},"rotation":{"x":0.1276136189699173,"y":0.8144968748092651,"z":-0.19570259749889375,"w":0.5310717821121216},"size":2.239107370376587,"orthographic":false}